{"meta": {"version": "2020-12"}, "widget_settings": {"active_color": "#000000", "auto_inject": "true", "background_color": "#ff0000", "delivery_dropdown_label": "Delivery", "display_on": "[\"product\"]", "first_option": "autodeliver", "font_color": "#040404", "form_type": "button", "how_it_works": "<strong>How subscriptions work</strong><br>Products are automatically delivered on your schedule. No obligation, modify or cancel your subscription anytime.", "learnmore_url": "http://rechargepayments.com/subscribe-with-recharge", "learnmore_verbiage": "Learn more...", "onetime_message": "One-time purchase", "popup_background_color": "#f8f8f8", "popup_link_color": "#000000", "popup_text_color": "#000000", "poweredby_url": "http://rechargepayments.com/subscribe-with-recharge", "published": "false", "select_subscription_first": "false", "show_learnmore": "true", "show_poweredby": "true", "show_subscription_details": "true", "show_subscription_details_icon": "true", "sub_and_save_ext_label": "on every recurring order", "subscribe_message": "Subscribe &amp; save", "subscribe_without_discount_message": "Subscribe", "subscription_details_verbiage": "Subscription details", "translations": "{\"days\":\"Days\",\"week\":\"Week\",\"weeks\":\"Weeks\",\"month\":\"Month\",\"months\":\"Months\"}", "use_plans_data": "true", "widget_charge_every": "Charge every", "widget_deliver_every": "Delivery every", "widget_icon": "#191D48", "widget_template_type": "radio"}}